"city","sum"
"Givatayim",625014.180000000003140
"Herzelia",1695454.940000000000370
"Ramat Gan",1274029.460000000001916
"Ramat Hasharon",1451806.600000000004016
"Tel Aviv",1282471.759999999988382
